step_ms,FL_hip,FL_knee,FR_hip,FR_knee,RL_hip,RL_knee,RR_hip,RR_knee
0.00,0.898083,-1.386719,0.887390,-1.394812,0.890892,-1.401922,0.911206,-1.386324
10.00,0.899817,-1.360234,0.862059,-1.382555,0.870537,-1.403963,0.932856,-1.359111
20.00,0.914505,-1.330234,0.832059,-1.358968,0.840537,-1.401070,0.960286,-1.329111
30.00,0.943221,-1.300234,0.802059,-1.328968,0.810537,-1.386825,0.975626,-1.299111
40.00,0.973221,-1.281045,0.772059,-1.298968,0.780537,-1.358697,0.976432,-1.278035
50.00,1.003221,-1.275980,0.743700,-1.268968,0.750537,-1.328697,0.962513,-1.270264
60.00,1.024217,-1.285525,0.724880,-1.238968,0.720537,-1.298697,0.934141,-1.276381
70.00,1.030871,-1.308841,0.717845,-1.208968,0.700008,-1.268697,0.904141,-1.292819
80.00,1.022706,-1.338841,0.723192,-1.178968,0.693410,-1.238697,0.874141,-1.304477
90.00,0.999719,-1.362692,0.741689,-1.148968,0.701039,-1.208697,0.849231,-1.302325
100.00,0.969719,-1.373554,0.765329,-1.126859,0.722518,-1.178697,0.835341,-1.285857
110.00,0.939719,-1.369830,0.776347,-1.117386,0.752518,-1.154037,0.835009,-1.255857
120.00,0.909719,-1.351269,0.772548,-1.122342,0.782518,-1.143168,0.849285,-1.225857
130.00,0.879719,-1.321269,0.753820,-1.142131,0.800365,-1.146959,0.878196,-1.195857
140.00,0.863168,-1.291269,0.723820,-1.172131,0.803380,-1.165395,0.908196,-1.165857
150.00,0.861445,-1.261269,0.693820,-1.202131,0.791539,-1.195395,0.938196,-1.135857
160.00,0.874597,-1.236917,0.663820,-1.218363,0.764831,-1.225394,0.954977,-1.118484
170.00,0.902538,-1.226984,0.633820,-1.219777,0.734831,-1.255394,0.956880,-1.115827
180.00,0.932537,-1.231647,0.617250,-1.206457,0.704831,-1.270899,0.943973,-1.127690
190.00,0.962537,-1.250865,0.615349,-1.178432,0.676315,-1.271603,0.916358,-1.153882
200.00,0.978752,-1.280865,0.628022,-1.148432,0.662363,-1.257739,0.886358,-1.183882
210.00,0.980122,-1.310865,0.654399,-1.118432,0.663159,-1.229847,0.856358,-1.213882
220.00,0.966616,-1.337862,0.684398,-1.088432,0.678593,-1.199847,0.827735,-1.234401
230.00,0.938242,-1.350318,0.714398,-1.073009,0.708593,-1.169847,0.813297,-1.240183
240.00,0.908242,-1.347962,0.731348,-1.072302,0.738593,-1.149879,0.813426,-1.231218
250.00,0.878242,-1.330741,0.733419,-1.086335,0.768593,-1.144613,0.828276,-1.207531
260.00,0.848242,-1.300741,0.720581,-1.115126,0.787015,-1.154196,0.857548,-1.177531
270.00,0.832873,-1.270741,0.692883,-1.145126,0.790582,-1.178579,0.887548,-1.147531
280.00,0.832333,-1.240741,0.662883,-1.175125,0.779323,-1.208579,0.917548,-1.117531
290.00,0.846653,-1.221345,0.632883,-1.190547,0.753168,-1.238579,0.933388,-1.101710
300.00,0.875687,-1.216363,0.602883,-1.191118,0.723168,-1.265034,0.934364,-1.100616
310.00,0.905687,-1.225956,0.586726,-1.176960,0.693169,-1.276925,0.920532,-1.113895
320.00,0.935687,-1.250128,0.585275,-1.148111,0.670467,-1.274062,0.891976,-1.141510
330.00,0.951492,-1.280128,0.598352,-1.118111,0.662397,-1.256861,0.861976,-1.171510
340.00,0.952422,-1.310128,0.625080,-1.088111,0.669058,-1.226861,0.831976,-1.201509
350.00,0.938456,-1.331043,0.655080,-1.065953,0.690449,-1.196862,0.811414,-1.218254
360.00,0.909640,-1.337328,0.685080,-1.058500,0.720449,-1.166862,0.805331,-1.220177
370.00,0.879640,-1.328798,0.700675,-1.065690,0.750449,-1.150486,0.813949,-1.207367
380.00,0.849640,-1.305422,0.701357,-1.087579,0.780448,-1.148946,0.837204,-1.179878
390.00,0.828881,-1.275422,0.687126,-1.117579,0.795942,-1.162281,0.867204,-1.149878
400.00,0.822908,-1.245422,0.657997,-1.147579,0.796539,-1.190472,0.897204,-1.119878
410.00,0.831760,-1.215422,0.627997,-1.174275,0.782256,-1.220472,0.927204,-1.092438
420.00,0.855451,-1.198476,0.597997,-1.186159,0.753052,-1.250472,0.942621,-1.079528
430.00,0.885451,-1.196114,0.571581,-1.183195,0.723052,-1.269334,0.943185,-1.081356
440.00,0.915451,-1.208330,0.559382,-1.165484,0.693052,-1.273582,0.928985,-1.097473
450.00,0.941419,-1.235134,0.561908,-1.135484,0.674501,-1.263167,0.900114,-1.127473
460.00,0.952886,-1.265134,0.578863,-1.105484,0.670605,-1.238590,0.870114,-1.157473
470.00,0.949495,-1.295134,0.608863,-1.075484,0.681317,-1.208590,0.840114,-1.187473
480.00,0.931217,-1.311847,0.638863,-1.058699,0.706752,-1.178590,0.823181,-1.202949
490.00,0.901217,-1.313782,0.668863,-1.056702,0.736752,-1.148590,0.820860,-1.203555
500.00,0.871217,-1.300875,0.684149,-1.069365,0.766752,-1.132993,0.833312,-1.189409
510.00,0.841217,-1.273117,0.684518,-1.096636,0.796443,-1.132251,0.860267,-1.160639
520.00,0.824254,-1.243117,0.669973,-1.126636,0.811348,-1.146389,0.890267,-1.130639
530.00,0.822100,-1.213117,0.640513,-1.156636,0.811343,-1.175396,0.920267,-1.100639
540.00,0.834781,-1.183117,0.610513,-1.178055,0.796428,-1.205396,0.947326,-1.076334
550.00,0.862289,-1.166166,0.580513,-1.184641,0.766590,-1.235396,0.959805,-1.066447
560.00,0.892289,-1.163657,0.558270,-1.176419,0.736590,-1.252153,0.957491,-1.071108
570.00,0.922289,-1.175645,0.550291,-1.153443,0.706590,-1.254240,0.940449,-1.089993
580.00,0.942741,-1.202133,0.557020,-1.123443,0.690026,-1.241654,0.910449,-1.119993
590.00,0.948628,-1.232133,0.578041,-1.093443,0.688087,-1.214935,0.880449,-1.149993
600.00,0.939670,-1.262133,0.608041,-1.063443,0.700620,-1.184935,0.850449,-1.179063
610.00,0.915866,-1.277842,0.638041,-1.047754,0.727935,-1.154935,0.834420,-1.193377
620.00,0.885866,-1.278713,0.665711,-1.046883,0.757935,-1.125197,0.833070,-1.192812
630.00,0.855866,-1.264733,0.678588,-1.060712,0.787935,-1.110044,0.846477,-1.177502
640.00,0.825866,-1.235931,0.676556,-1.089221,0.812261,-1.109747,0.874297,-1.147600
650.00,0.809569,-1.205931,0.659620,-1.119221,0.821756,-1.124310,0.904297,-1.117600
660.00,0.808092,-1.175931,0.629620,-1.149221,0.816346,-1.153728,0.934297,-1.087600
670.00,0.821457,-1.147178,0.599620,-1.166023,0.796009,-1.183728,0.953340,-1.068956
680.00,0.849610,-1.132471,0.569620,-1.167974,0.766009,-1.213728,0.957580,-1.064937
690.00,0.879610,-1.132225,0.551763,-1.155178,0.736009,-1.229398,0.947040,-1.075393
700.00,0.909610,-1.146479,0.548426,-1.127651,0.706009,-1.230316,0.921781,-1.100154
710.00,0.927409,-1.175087,0.559766,-1.097651,0.690248,-1.216628,0.891782,-1.130154
720.00,0.930341,-1.205087,0.585382,-1.067651,0.689265,-1.188547,0.861782,-1.160154
730.00,0.918432,-1.235087,0.615382,-1.037651,0.702976,-1.158547,0.831782,-1.182630
740.00,0.891698,-1.250628,0.645382,-1.022099,0.731436,-1.128547,0.815694,-1.190409
750.00,0.861698,-1.251400,0.664600,-1.021212,0.761436,-1.106837,0.814055,-1.183448
760.00,0.831698,-1.237333,0.668971,-1.035046,0.791436,-1.099811,0.827083,-1.161778
770.00,0.801698,-1.208475,0.658464,-1.063675,0.810822,-1.107624,0.854438,-1.131778
780.00,0.786251,-1.178475,0.633141,-1.093675,0.815358,-1.130215,0.884438,-1.101778
790.00,0.785655,-1.148475,0.603141,-1.123675,0.805037,-1.160215,0.914438,-1.071778
800.00,0.799925,-1.128285,0.573141,-1.139170,0.779813,-1.190215,0.930455,-1.055790
810.00,0.828921,-1.122517,0.543141,-1.139827,0.749813,-1.216548,0.931617,-1.054536
820.00,0.858921,-1.131307,0.526926,-1.125774,0.719813,-1.228404,0.917961,-1.067683
830.00,0.888921,-1.154619,0.525420,-1.097069,0.695271,-1.225529,0.889576,-1.095103
840.00,0.904386,-1.184619,0.538625,-1.067069,0.685544,-1.208082,0.859576,-1.125103
850.00,0.904930,-1.214619,0.565959,-1.037069,0.690613,-1.178082,0.829576,-1.155103
860.00,0.890602,-1.238314,0.595959,-1.010640,0.710320,-1.148082,0.806729,-1.172606
870.00,0.861553,-1.247464,0.625959,-1.000000,0.740320,-1.118083,0.797833,-1.175377
880.00,0.831553,-1.241825,0.641800,-1.002661,0.770320,-1.101358,0.803425,-1.163483
890.00,0.801553,-1.221358,0.642744,-1.020123,0.800320,-1.099450,0.823657,-1.136936
900.00,0.777272,-1.191358,0.628822,-1.050123,0.816249,-1.112385,0.853657,-1.106936
910.00,0.767771,-1.161358,0.600050,-1.080123,0.817276,-1.140112,0.883657,-1.076936
920.00,0.773084,-1.131358,0.570050,-1.110123,0.803437,-1.170112,0.913657,-1.046937
930.00,0.793228,-1.114334,0.540050,-1.125354,0.774684,-1.200112,0.929085,-1.031488
940.00,0.823228,-1.112049,0.513335,-1.125723,0.744684,-1.220016,0.929612,-1.030890
950.00,0.853228,-1.124422,0.500823,-1.111376,0.714684,-1.225382,0.915358,-1.044685
960.00,0.883228,-1.151388,0.503034,-1.082417,0.692781,-1.216150,0.886388,-1.072708
970.00,0.898961,-1.181388,0.519798,-1.052418,0.685465,-1.192819,0.856388,-1.102708
980.00,0.899788,-1.211388,0.549798,-1.022418,0.692880,-1.162819,0.826388,-1.132708
990.00,0.885720,-1.231366,0.579798,-1.003330,0.715061,-1.132819,0.807367,-1.149174
1000.00,0.856837,-1.236675,0.609798,-1.000000,0.745061,-1.102819,0.802885,-1.150797
1010.00,0.826837,-1.227199,0.625287,-1.010302,0.775060,-1.086892,0.813092,-1.137723
1020.00,0.796837,-1.202894,0.625881,-1.035213,0.805060,-1.085801,0.837808,-1.110048
1030.00,0.780213,-1.172894,0.611593,-1.065213,0.820281,-1.099574,0.867808,-1.080048
1040.00,0.778424,-1.142895,0.582420,-1.095213,0.820603,-1.128198,0.897808,-1.050048
1050.00,0.791480,-1.112895,0.552420,-1.119606,0.806038,-1.158198,0.927256,-1.024176
1060.00,0.819374,-1.096069,0.522420,-1.129174,0.776548,-1.188198,0.942147,-1.012776
1070.00,0.849374,-1.093886,0.501361,-1.123922,0.746548,-1.205113,0.942208,-1.016092
1080.00,0.879374,-1.106418,0.494760,-1.103874,0.716548,-1.207348,0.927462,-1.033988
1090.00,0.906598,-1.133520,0.502873,-1.073874,0.697422,-1.194957,0.898046,-1.063988
1100.00,0.919227,-1.163520,0.525414,-1.043874,0.692956,-1.168395,0.868046,-1.093988
1110.00,0.916993,-1.193520,0.555414,-1.013874,0.703121,-1.138395,0.838046,-1.123988
1120.00,0.899918,-1.209948,0.585414,-1.000000,0.727995,-1.108395,0.821043,-1.139461
1130.00,0.869918,-1.211676,0.615414,-1.000000,0.757995,-1.078395,0.818505,-1.140109
1140.00,0.839918,-1.198665,0.630749,-1.012743,0.787995,-1.062833,0.830628,-1.126061
1150.00,0.809918,-1.170878,0.631198,-1.040172,0.813534,-1.062112,0.857072,-1.097443
1160.00,0.793396,-1.140878,0.616771,-1.070172,0.824251,-1.076235,0.887072,-1.067443
1170.00,0.791700,-1.110878,0.587442,-1.100172,0.820046,-1.105209,0.917072,-1.037443
1180.00,0.804822,-1.080878,0.557442,-1.118200,0.800923,-1.135209,0.939198,-1.016412
1190.00,0.832714,-1.064473,0.527442,-1.121405,0.770923,-1.165209,0.946603,-1.009862
1200.00,0.862714,-1.062541,0.509205,-1.109873,0.740923,-1.180941,0.939226,-1.017828
1210.00,0.892714,-1.075226,0.505540,-1.083570,0.710923,-1.181898,0.917084,-1.040325
1220.00,0.910983,-1.102421,0.516630,-1.053570,0.695185,-1.168172,0.887084,-1.070325
1230.00,0.914439,-1.132421,0.542125,-1.023570,0.694173,-1.140102,0.857085,-1.100325
1240.00,0.903077,-1.162421,0.572125,-1.000000,0.707703,-1.110102,0.827085,-1.123533
1250.00,0.876951,-1.178025,0.602125,-1.000000,0.735873,-1.080102,0.810963,-1.132004
1260.00,0.846951,-1.178824,0.624752,-1.000000,0.765873,-1.059523,0.809511,-1.125632
1270.00,0.816951,-1.164840,0.632543,-1.013787,0.795873,-1.053767,0.822724,-1.104511
1280.00,0.786951,-1.136058,0.625463,-1.042350,0.815323,-1.062873,0.850197,-1.074511
1290.00,0.771573,-1.106058,0.603546,-1.072350,0.819889,-1.086775,0.880197,-1.044511
1300.00,0.771011,-1.076058,0.573546,-1.102350,0.809583,-1.116775,0.910197,-1.014511
1310.00,0.785213,-1.053025,0.543546,-1.117922,0.784369,-1.146775,0.926765,-1.000000
1320.00,0.814016,-1.044226,0.513546,-1.118682,0.754369,-1.169989,0.928524,-1.000000
1330.00,0.844016,-1.050131,0.497605,-1.104688,0.724369,-1.178636,0.915454,-1.012589
1340.00,0.874016,-1.070782,0.496407,-1.075946,0.694369,-1.172561,0.887623,-1.039681
1350.00,0.889871,-1.100782,0.509970,-1.045946,0.679011,-1.152032,0.857623,-1.069681
1360.00,0.890844,-1.130782,0.538038,-1.015946,0.678437,-1.122032,0.827623,-1.099681
1370.00,0.876953,-1.159482,0.568038,-1.000000,0.692501,-1.092032,0.800941,-1.119315
1380.00,0.848289,-1.173815,0.598038,-1.000000,0.721045,-1.062032,0.788272,-1.124268
1390.00,0.818289,-1.173461,0.614741,-1.000000,0.751045,-1.044839,0.790094,-1.114535
1400.00,0.788289,-1.158324,0.616589,-1.013417,0.781045,-1.042461,0.806487,-1.090169
1410.00,0.760146,-1.128401,0.603589,-1.041627,0.797788,-1.054925,0.836487,-1.060169
1420.00,0.746759,-1.098401,0.575792,-1.071627,0.799633,-1.082134,0.866487,-1.030169
1430.00,0.748218,-1.068401,0.545792,-1.101627,0.786618,-1.112134,0.896487,-1.000169
1440.00,0.764518,-1.049705,0.515792,-1.116996,0.758708,-1.142134,0.912191,-1.000000
1450.00,0.794518,-1.045715,0.487469,-1.117537,0.728708,-1.162941,0.913011,-1.000000
1460.00,0.824518,-1.056481,0.473558,-1.103336,0.698708,-1.169246,0.899024,-1.013645
1470.00,0.854518,-1.081965,0.474440,-1.074455,0.673369,-1.160908,0.870258,-1.041765
1480.00,0.870008,-1.111965,0.490060,-1.044455,0.662796,-1.138147,0.840258,-1.071765
1490.00,0.870578,-1.141965,0.519993,-1.014455,0.667015,-1.108147,0.810258,-1.101765
1500.00,0.856268,-1.164098,0.549993,-1.000000,0.685962,-1.078147,0.788453,-1.119252
1510.00,0.827232,-1.171712,0.579993,-1.000000,0.715962,-1.048147,0.780750,-1.122033
1520.00,0.797232,-1.164602,0.595725,-1.006904,0.745962,-1.032183,0.787640,-1.110152
1530.00,0.767232,-1.142695,0.596570,-1.028510,0.775962,-1.031078,0.809028,-1.083696
1540.00,0.748169,-1.112695,0.582574,-1.058510,0.791364,-1.044817,0.839028,-1.053696
1550.00,0.743916,-1.082695,0.553732,-1.088510,0.791869,-1.073357,0.869028,-1.023696
1560.00,0.754488,-1.052695,0.523732,-1.115360,0.777503,-1.103357,0.899028,-1.000000
1570.00,0.779904,-1.035662,0.493732,-1.127429,0.748227,-1.133357,0.914513,-1.000000
1580.00,0.809904,-1.033325,0.472418,-1.124686,0.718227,-1.151243,0.915161,-1.001940
1590.00,0.839904,-1.045820,0.465710,-1.107135,0.688227,-1.154532,0.900978,-1.018641
1600.00,0.869904,-1.073025,0.473791,-1.077135,0.666185,-1.143222,0.872018,-1.048641
1610.00,0.885352,-1.103025,0.496440,-1.047135,0.658849,-1.117695,0.842018,-1.078641
1620.00,0.885910,-1.133025,0.526440,-1.017135,0.666238,-1.087695,0.812018,-1.108641
1630.00,0.871571,-1.150883,0.556440,-1.000384,0.688449,-1.057695,0.794489,-1.124632
1640.00,0.842482,-1.154111,0.586440,-1.000000,0.718449,-1.027695,0.791297,-1.125852
1650.00,0.812482,-1.142629,0.601901,-1.012463,0.748449,-1.011901,0.802735,-1.112424
1660.00,0.782482,-1.116367,0.602479,-1.039600,0.774565,-1.010944,0.828510,-1.084467
1670.00,0.766292,-1.086367,0.588195,-1.069600,0.785849,-1.024836,0.858510,-1.054467
1680.00,0.764945,-1.056367,0.559031,-1.099600,0.782243,-1.053569,0.888510,-1.024467
1690.00,0.778437,-1.026367,0.529031,-1.119008,0.763746,-1.083569,0.910668,-1.003963
1700.00,0.806709,-1.010366,0.499031,-1.123580,0.733746,-1.113569,0.918059,-1.000000
1710.00,0.836709,-1.008919,0.480800,-1.113408,0.703746,-1.129520,0.910661,-1.008721
1720.00,0.866709,-1.022183,0.477171,-1.088452,0.673746,-1.130738,0.888475,-1.032061
1730.00,0.885267,-1.049979,0.488319,-1.058452,0.658101,-1.117290,0.858475,-1.062061
1740.00,0.889006,-1.079979,0.513945,-1.028452,0.657240,-1.089417,0.828475,-1.092061
1750.00,0.877957,-1.109979,0.543945,-1.000000,0.671027,-1.059417,0.798475,-1.115180
1760.00,0.852129,-1.125746,0.573945,-1.000000,0.699492,-1.029417,0.782124,-1.123653
1770.00,0.822129,-1.126777,0.597308,-1.000000,0.729492,-1.007741,0.780354,-1.117327
1780.00,0.792129,-1.113065,0.605847,-1.013576,0.759492,-1.000853,0.793208,-1.096308
1790.00,0.762129,-1.084571,0.599519,-1.041973,0.777899,-1.008823,0.820282,-1.066308
1800.00,0.746682,-1.054571,0.578366,-1.071973,0.781432,-1.031585,0.850282,-1.036308
1810.00,0.746058,-1.024571,0.548366,-1.101973,0.770147,-1.061585,0.880282,-1.006308
1820.00,0.760252,-1.003470,0.518366,-1.117592,0.743986,-1.091585,0.896508,-1.000000
1830.00,0.789151,-1.000000,0.488366,-1.118390,0.713986,-1.115765,0.897868,-1.000000
1840.00,0.819151,-1.008261,0.472663,-1.104418,0.683986,-1.125409,0.884385,-1.013201
1850.00,0.849151,-1.031276,0.471758,-1.075705,0.657860,-1.120321,0.856089,-1.041021
1860.00,0.865087,-1.061276,0.485615,-1.045705,0.646439,-1.100785,0.826089,-1.071021
1870.00,0.866147,-1.091276,0.513874,-1.015705,0.649792,-1.070785,0.796089,-1.101021
1880.00,0.852359,-1.113788,0.543874,-1.000000,0.667891,-1.040785,0.773546,-1.118355
1890.00,0.823817,-1.121837,0.573874,-1.000000,0.697891,-1.010785,0.765225,-1.120940
1900.00,0.793818,-1.115199,0.589894,-1.005358,0.727891,-1.000000,0.771515,-1.108862
1910.00,0.763818,-1.093773,0.591040,-1.025359,0.757891,-1.000000,0.792307,-1.082229
1920.00,0.744765,-1.063773,0.577337,-1.055359,0.773266,-1.013513,0.822307,-1.052230
1930.00,0.740512,-1.033773,0.548804,-1.085359,0.773748,-1.041814,0.852306,-1.022230
1940.00,0.751069,-1.003773,0.518804,-1.112415,0.759379,-1.071814,0.882306,-1.000000
1950.00,0.776470,-1.000000,0.488804,-1.124656,0.730096,-1.101814,0.897668,-1.000000
1960.00,0.806470,-1.000000,0.468786,-1.122081,0.700096,-1.119829,0.898190,-1.001855
1970.00,0.836470,-1.013108,0.463379,-1.104704,0.670096,-1.123358,0.883863,-1.018437
1980.00,0.866470,-1.040926,0.472763,-1.074704,0.650975,-1.112351,0.854734,-1.048437
1990.00,0.881832,-1.070926,0.496654,-1.044704,0.646592,-1.087140,0.824735,-1.078437
2000.00,0.882309,-1.100926,0.526654,-1.014704,0.656876,-1.057140,0.794735,-1.108437
2010.00,0.867882,-1.118239,0.556654,-1.000000,0.681969,-1.027140,0.778068,-1.124144
2020.00,0.838659,-1.120932,0.586654,-1.000000,0.711969,-1.000000,0.775956,-1.125026
2030.00,0.808659,-1.108916,0.602048,-1.013071,0.741969,-1.000000,0.788503,-1.111251
2040.00,0.778659,-1.082092,0.602573,-1.040698,0.765168,-1.000000,0.815414,-1.082984
2050.00,0.763107,-1.052092,0.588249,-1.070698,0.773504,-1.014032,0.845414,-1.052984
2060.00,0.762407,-1.022092,0.559050,-1.100698,0.766996,-1.042915,0.875414,-1.022984
2070.00,0.776530,-1.000000,0.529050,-1.117411,0.745605,-1.072915,0.894410,-1.004626
2080.00,0.805369,-1.000000,0.499050,-1.119295,0.715605,-1.102915,0.898638,-1.000888
2090.00,0.835369,-1.000693,0.482712,-1.106394,0.685605,-1.118527,0.887990,-1.011858
2100.00,0.865369,-1.016213,0.481131,-1.078684,0.655605,-1.119377,0.862489,-1.037565
2110.00,0.882979,-1.046213,0.494314,-1.048684,0.640083,-1.105667,0.832489,-1.067565
2120.00,0.885767,-1.076213,0.521881,-1.018684,0.639334,-1.077661,0.802489,-1.097565
2130.00,0.873809,-1.102621,0.551881,-1.000000,0.653293,-1.047661,0.774015,-1.117649
2140.00,0.847096,-1.114511,0.581881,-1.000000,0.681968,-1.017661,0.759846,-1.122962
2150.00,0.817096,-1.111697,0.599786,-1.000000,0.711968,-1.000000,0.760302,-1.113553
2160.00,0.787096,-1.094115,0.602833,-1.014211,0.741968,-1.000000,0.775393,-1.089497
2170.00,0.759445,-1.064115,0.591040,-1.043246,0.758239,-1.011644,0.804630,-1.059497
2180.00,0.746553,-1.034115,0.564450,-1.073246,0.759621,-1.038033,0.834630,-1.029497
2190.00,0.748494,-1.004115,0.534450,-1.103246,0.746187,-1.068033,0.864630,-1.000000
2200.00,0.765263,-1.000000,0.504450,-1.118536,0.717866,-1.098033,0.880054,-1.000000
2210.00,0.795263,-1.000000,0.479191,-1.118989,0.687866,-1.118345,0.880587,-1.000000
2220.00,0.825263,-1.012514,0.468444,-1.104663,0.657866,-1.124231,0.866259,-1.014101
2230.00,0.855263,-1.039733,0.472484,-1.075709,0.636573,-1.115577,0.837120,-1.042623
2240.00,0.870646,-1.069733,0.491147,-1.045709,0.630043,-1.092653,0.807120,-1.072623
2250.00,0.871123,-1.099733,0.521147,-1.015709,0.638269,-1.062653,0.777120,-1.102623
2260.00,0.856697,-1.118682,0.551147,-1.000000,0.661315,-1.032653,0.759446,-1.118714
2270.00,0.827494,-1.123053,0.581147,-1.000000,0.691315,-1.002653,0.756239,-1.120001
2280.00,0.797494,-1.112731,0.596615,-1.011778,0.721315,-1.000000,0.767656,-1.106653
2290.00,0.767494,-1.087608,0.597210,-1.038148,0.747834,-1.000000,0.793433,-1.078815
2300.00,0.751486,-1.057608,0.582973,-1.068148,0.759548,-1.013891,0.823433,-1.048815
2310.00,0.750315,-1.027608,0.553868,-1.098148,0.756392,-1.042635,0.853433,-1.018815
2320.00,0.763959,-1.000000,0.523868,-1.117747,0.738340,-1.072635,0.876758,-1.000000
2330.00,0.792391,-1.000000,0.493868,-1.122500,0.708340,-1.102635,0.885349,-1.000000
2340.00,0.822391,-1.000000,0.476892,-1.112489,0.678340,-1.118592,0.879111,-1.008636
2350.00,0.852391,-1.013427,0.474646,-1.087676,0.648340,-1.119862,0.858034,-1.032001
2360.00,0.872188,-1.041473,0.487164,-1.057676,0.632470,-1.106610,0.828034,-1.062001
2370.00,0.877219,-1.071473,0.514089,-1.027676,0.631354,-1.079108,0.798034,-1.092001
2380.00,0.867451,-1.101473,0.544089,-1.000000,0.644920,-1.049108,0.768034,-1.115037
2390.00,0.842842,-1.117011,0.574089,-1.000000,0.673315,-1.019108,0.752424,-1.123287
2400.00,0.812842,-1.117747,0.597485,-1.000000,0.703315,-1.000000,0.751541,-1.116692
2410.00,0.782842,-1.103705,0.606059,-1.014071,0.733315,-1.000000,0.765337,-1.095427
2420.00,0.752842,-1.074876,0.599783,-1.042758,0.751029,-1.007662,0.793296,-1.065427
2430.00,0.737524,-1.044876,0.578669,-1.072757,0.753860,-1.030144,0.823296,-1.035427
2440.00,0.737025,-1.014876,0.548670,-1.102757,0.741838,-1.060144,0.853296,-1.005427
2450.00,0.751339,-1.000000,0.518670,-1.118267,0.714932,-1.090144,0.869349,-1.000000
2460.00,0.780345,-1.000000,0.488670,-1.118966,0.684932,-1.113152,0.870504,-1.000000
2470.00,0.810345,-1.009542,0.473107,-1.104897,0.654932,-1.121632,0.856828,-1.013484
2480.00,0.840344,-1.033882,0.472365,-1.076103,0.630513,-1.115440,0.828327,-1.041579
2490.00,0.856053,-1.063882,0.486379,-1.046103,0.620826,-1.094862,0.798327,-1.071579
2500.00,0.856862,-1.093882,0.514735,-1.016103,0.625929,-1.064862,0.768327,-1.101579
2510.00,0.842800,-1.115808,0.544735,-1.000000,0.645801,-1.034862,0.747224,-1.118771
2520.00,0.814030,-1.123205,0.574735,-1.000000,0.675801,-1.004862,0.740254,-1.121259
2530.00,0.784030,-1.115896,0.590444,-1.007499,0.705801,-1.000000,0.747862,-1.109107
2540.00,0.754030,-1.093789,0.591277,-1.029645,0.735801,-1.000000,0.769963,-1.082431
2550.00,0.735712,-1.063789,0.577287,-1.059645,0.751215,-1.013696,0.799963,-1.052431
2560.00,0.732203,-1.033789,0.548447,-1.089645,0.751722,-1.042218,0.829963,-1.022431
2570.00,0.743503,-1.003789,0.518447,-1.117722,0.737362,-1.072218,0.859963,-1.000000
2580.00,0.769642,-1.000000,0.488447,-1.131007,0.708093,-1.102218,0.875437,-1.000000
2590.00,0.799642,-1.000000,0.469193,-1.129479,0.678093,-1.119887,0.876066,-1.002214
2600.00,0.829642,-1.012834,0.464586,-1.113147,0.648094,-1.123067,0.861847,-1.019182
2610.00,0.858710,-1.040385,0.474784,-1.083147,0.630151,-1.111725,0.832823,-1.049182
2620.00,0.873150,-1.070385,0.499459,-1.053147,0.626941,-1.086237,0.802823,-1.079182
2630.00,0.872687,-1.100385,0.529459,-1.023147,0.638373,-1.056237,0.772823,-1.109182
2640.00,0.857313,-1.117562,0.559459,-1.007106,0.664611,-1.026237,0.756432,-1.124819
2650.00,0.827313,-1.120045,0.589459,-1.005860,0.694611,-1.000000,0.754678,-1.125607
2660.00,0.797313,-1.107748,0.604784,-1.019280,0.724611,-1.000000,0.767623,-1.111729
2670.00,0.767313,-1.080629,0.605238,-1.047300,0.749344,-1.000000,0.794985,-1.083360
2680.00,0.751712,-1.050629,0.590867,-1.077300,0.759242,-1.014109,0.824985,-1.053360
2690.00,0.750959,-1.020629,0.561620,-1.107300,0.754296,-1.043075,0.854985,-1.023360
2700.00,0.765031,-1.000000,0.531620,-1.124685,0.734447,-1.073075,0.874900,-1.004857
2710.00,0.793866,-1.000000,0.501620,-1.127225,0.704447,-1.103075,0.880050,-1.001001
2720.00,0.823866,-1.000073,0.485052,-1.115001,0.674447,-1.118827,0.870353,-1.011812
2730.00,0.853866,-1.014943,0.483190,-1.087987,0.644447,-1.119892,0.845808,-1.037307
2740.00,0.871775,-1.044383,0.496079,-1.057987,0.628903,-1.106430,0.815808,-1.067307
2750.00,0.874855,-1.074383,0.523365,-1.027987,0.628165,-1.078618,0.785808,-1.097307
2760.00,0.863156,-1.103222,0.553365,-1.000000,0.642164,-1.048618,0.757659,-1.118702
2770.00,0.836654,-1.117534,0.583365,-1.000000,0.670970,-1.018618,0.743871,-1.125306
2780.00,0.806654,-1.117084,0.602598,-1.000000,0.700970,-1.000000,0.744704,-1.117155
2790.00,0.776654,-1.101874,0.606995,-1.014038,0.730970,-1.000000,0.760119,-1.094379
2800.00,0.748860,-1.071893,0.596551,-1.042859,0.747682,-1.010375,0.789693,-1.064379
2810.00,0.735790,-1.041893,0.571292,-1.072859,0.749500,-1.035542,0.819693,-1.034379
2820.00,0.737548,-1.011893,0.541292,-1.102859,0.736495,-1.065542,0.849693,-1.004379
2830.00,0.754108,-1.000000,0.511292,-1.118248,0.708606,-1.095542,0.865458,-1.000000
2840.00,0.784108,-1.000000,0.483407,-1.118809,0.678606,-1.116663,0.866337,-1.000000
2850.00,0.814108,-1.010998,0.470046,-1.104568,0.648606,-1.123259,0.852353,-1.013834
2860.00,0.844108,-1.036788,0.471498,-1.075619,0.624409,-1.115245,0.823535,-1.042252
2870.00,0.859702,-1.066788,0.487660,-1.045619,0.614938,-1.092937,0.793535,-1.072252
2880.00,0.860398,-1.096788,0.517660,-1.015619,0.620259,-1.062937,0.763535,-1.102252
2890.00,0.846218,-1.116988,0.547660,-1.000000,0.640409,-1.032937,0.744067,-1.118951
2900.00,0.817303,-1.122626,0.577660,-1.000000,0.670409,-1.002937,0.738887,-1.120906
2910.00,0.787304,-1.113595,0.593251,-1.010120,0.700409,-1.000000,0.748309,-1.108233
2920.00,0.757304,-1.089762,0.593966,-1.034814,0.730409,-1.000000,0.772182,-1.081059
2930.00,0.740652,-1.059762,0.579857,-1.064814,0.745639,-1.013765,0.802182,-1.051059
2940.00,0.738830,-1.029762,0.550881,-1.094814,0.745967,-1.042379,0.832182,-1.021059
2950.00,0.751829,-1.000000,0.520881,-1.121837,0.731408,-1.072379,0.862182,-1.000000
2960.00,0.779662,-1.000000,0.490881,-1.134030,0.701932,-1.102379,0.877550,-1.000000
2970.00,0.809662,-1.000000,0.472875,-1.131418,0.671932,-1.119361,0.878077,-1.004406
2980.00,0.839662,-1.013227,0.469520,-1.114015,0.641932,-1.121877,0.863759,-1.023511
2990.00,0.866271,-1.041144,0.480961,-1.084015,0.624661,-1.109887,0.834698,-1.053511
3000.00,0.878159,-1.071144,0.506861,-1.054015,0.622159,-1.083663,0.804698,-1.083511
3010.00,0.875170,-1.101144,0.536861,-1.024015,0.634274,-1.053663,0.774698,-1.113511
3020.00,0.857297,-1.117337,0.566861,-1.008322,0.661192,-1.023663,0.758565,-1.128914
3030.00,0.827297,-1.118812,0.596732,-1.007357,0.691192,-1.000000,0.756952,-1.129504
3040.00,0.797297,-1.105512,0.611885,-1.021049,0.721192,-1.000000,0.770009,-1.115434
3050.00,0.767297,-1.077406,0.612177,-1.049348,0.744485,-1.000000,0.797426,-1.086910
3060.00,0.751647,-1.047406,0.597640,-1.079348,0.752938,-1.014170,0.827426,-1.056910
3070.00,0.750829,-1.017406,0.568218,-1.109348,0.746521,-1.043195,0.857426,-1.026910
3080.00,0.764817,-1.000000,0.538218,-1.125962,0.725187,-1.073195,0.876491,-1.008871
3090.00,0.793531,-1.000000,0.508218,-1.127730,0.695187,-1.103195,0.880764,-1.005512
3100.00,0.823531,-1.001093,0.492002,-1.114724,0.665187,-1.118828,0.870171,-1.016849
3110.00,0.853531,-1.016981,0.490519,-1.086938,0.635187,-1.119752,0.844734,-1.042864
3120.00,0.870849,-1.046981,0.503784,-1.056938,0.619755,-1.106158,0.814734,-1.072864
3130.00,0.873326,-1.076981,0.531429,-1.026938,0.619132,-1.078206,0.784734,-1.102864
3140.00,0.861049,-1.103770,0.561429,-1.000000,0.633263,-1.048206,0.757065,-1.123119
3150.00,0.833978,-1.116010,0.591429,-1.000000,0.662181,-1.018206,0.743731,-1.128594
3160.00,0.803978,-1.113524,0.609117,-1.000000,0.692181,-1.000009,0.744955,-1.119371
3170.00,0.773978,-1.096282,0.611960,-1.014605,0.722181,-1.000000,0.760728,-1.095546
3180.00,0.747158,-1.066282,0.599953,-1.044010,0.738492,-1.011426,0.790671,-1.065546
3190.00,0.735070,-1.036282,0.573143,-1.074010,0.739917,-1.037622,0.820671,-1.035546
3200.00,0.737810,-1.006282,0.543143,-1.104010,0.726516,-1.067622,0.850671,-1.005546
3210.00,0.755388,-1.000000,0.513143,-1.119301,0.698231,-1.097622,0.866098,-1.000000
3220.00,0.785388,-1.000000,0.487360,-1.119760,0.668231,-1.118233,0.866638,-1.000000
3230.00,0.815388,-1.012629,0.476073,-1.105438,0.638231,-1.124350,0.852327,-1.014143
3240.00,0.845388,-1.040012,0.479592,-1.076454,0.616715,-1.115877,0.823201,-1.042812
3250.00,0.860780,-1.070012,0.497790,-1.046454,0.609983,-1.093089,0.793201,-1.072811
3260.00,0.861282,-1.100012,0.527790,-1.016454,0.618033,-1.063089,0.763201,-1.102811
3270.00,0.846913,-1.118989,0.557790,-1.000000,0.640871,-1.033089,0.744492,-1.119061
3280.00,0.817828,-1.123438,0.587790,-1.000000,0.670871,-1.003089,0.740023,-1.120575
3290.00,0.787828,-1.113228,0.603311,-1.010973,0.700871,-1.000000,0.750169,-1.107448
3300.00,0.757828,-1.088213,0.603951,-1.036635,0.730837,-1.000000,0.774778,-1.079812
3310.00,0.741253,-1.058213,0.589748,-1.066635,0.746006,-1.013876,0.804778,-1.049812
3320.00,0.739503,-1.028213,0.560678,-1.096635,0.746284,-1.042599,0.834778,-1.019812
3330.00,0.752570,-1.000000,0.530678,-1.120468,0.731690,-1.072599,0.862663,-1.000000
3340.00,0.780456,-1.000000,0.500678,-1.129511,0.702200,-1.102599,0.876003,-1.000000
3350.00,0.810456,-1.000000,0.482350,-1.123796,0.672200,-1.119471,0.874554,-1.005659
3360.00,0.840456,-1.012712,0.478675,-1.103293,0.642200,-1.121815,0.858263,-1.026004
3370.00,0.865030,-1.040139,0.489811,-1.073293,0.625615,-1.109593,0.828263,-1.056004
3380.00,0.874871,-1.070139,0.515455,-1.043293,0.623826,-1.083050,0.798263,-1.086004
3390.00,0.869868,-1.100139,0.545455,-1.013293,0.636680,-1.053051,0.768263,-1.115762
3400.00,0.849993,-1.116134,0.575455,-1.000000,0.664334,-1.023051,0.752266,-1.130872
3410.00,0.819993,-1.117440,0.603203,-1.000000,0.694334,-1.000000,0.750772,-1.131188
3420.00,0.789993,-1.104001,0.616223,-1.013711,0.724334,-1.000000,0.763924,-1.116839
3430.00,0.759993,-1.075770,0.614394,-1.042079,0.746354,-1.000864,0.791379,-1.088038
3440.00,0.744339,-1.045770,0.597747,-1.072079,0.753534,-1.016539,0.821379,-1.058038
3450.00,0.743517,-1.015770,0.567747,-1.102079,0.745861,-1.046539,0.851379,-1.028038
3460.00,0.757507,-1.000000,0.537747,-1.118218,0.723284,-1.076539,0.869151,-1.010805
3470.00,0.786192,-1.000000,0.507747,-1.119508,0.693284,-1.105037,0.872095,-1.008319
3480.00,0.816192,-1.003832,0.491742,-1.106017,0.663284,-1.119098,0.860164,-1.020550
3490.00,0.846192,-1.022429,0.490464,-1.077774,0.634427,-1.118473,0.833406,-1.047405
3500.00,0.862345,-1.052429,0.503971,-1.047774,0.620335,-1.103268,0.803406,-1.077405
3510.00,0.863637,-1.082429,0.531901,-1.017774,0.621059,-1.073637,0.773406,-1.107405
3520.00,0.850162,-1.106593,0.561901,-1.000000,0.636563,-1.043638,0.748254,-1.125824
3530.00,0.821975,-1.116256,0.591901,-1.000000,0.666563,-1.013638,0.737267,-1.129507
3540.00,0.791975,-1.111223,0.608360,-1.002433,0.696563,-1.000000,0.740841,-1.118523
3550.00,0.761975,-1.091428,0.609953,-1.019521,0.726563,-1.000000,0.758911,-1.092972
3560.00,0.738851,-1.061428,0.596737,-1.049521,0.742454,-1.012933,0.788911,-1.062972
3570.00,0.730495,-1.031428,0.568712,-1.079521,0.743457,-1.040631,0.818911,-1.032972
3580.00,0.736939,-1.001428,0.538712,-1.109521,0.729605,-1.070631,0.848911,-1.002972
3590.00,0.758196,-1.000000,0.508712,-1.124744,0.700848,-1.100631,0.864332,-1.000000
3600.00,0.788196,-1.000000,0.486709,-1.125126,0.670848,-1.119635,0.864864,-1.000000
3610.00,0.818196,-1.012838,0.479308,-1.110697,0.640848,-1.124148,0.850531,-1.014238
3620.00,0.848196,-1.040400,0.486699,-1.081649,0.621317,-1.114140,0.821395,-1.042937
3630.00,0.863576,-1.070400,0.508603,-1.051649,0.616524,-1.089990,0.791395,-1.072937
3640.00,0.864060,-1.100400,0.538603,-1.021649,0.626448,-1.059990,0.761395,-1.102937
3650.00,0.849641,-1.118105,0.568603,-1.005225,0.651207,-1.029990,0.744562,-1.118708
3660.00,0.820416,-1.121148,0.598603,-1.003595,0.681207,-1.000000,0.742354,-1.119630
3670.00,0.790416,-1.109449,0.614001,-1.016602,0.711207,-1.000000,0.754814,-1.105903
3680.00,0.760416,-1.082942,0.614530,-1.044166,0.736414,-1.000000,0.781649,-1.077699
3690.00,0.744705,-1.052942,0.600210,-1.074166,0.746789,-1.013947,0.811649,-1.047699
3700.00,0.743831,-1.022942,0.571013,-1.104166,0.742307,-1.042758,0.841649,-1.017699
3710.00,0.757780,-1.000000,0.541013,-1.122501,0.722935,-1.072758,0.862619,-1.000000
3720.00,0.786504,-1.000000,0.511013,-1.126002,0.692935,-1.102758,0.868830,-1.000000
3730.00,0.816504,-1.000000,0.494431,-1.114769,0.662935,-1.118558,0.860226,-1.010257
3740.00,0.846504,-1.013660,0.492563,-1.088769,0.632935,-1.119667,0.836812,-1.035173
3750.00,0.864156,-1.041909,0.505470,-1.058769,0.617518,-1.106205,0.806812,-1.065173
3760.00,0.866998,-1.071908,0.532777,-1.028769,0.616910,-1.078378,0.776812,-1.095173
3770.00,0.855101,-1.100650,0.562777,-1.000000,0.630962,-1.048378,0.746812,-1.116976
3780.00,0.828448,-1.115038,0.592777,-1.000000,0.659716,-1.018378,0.730722,-1.124123
3790.00,0.798448,-1.114715,0.612099,-1.000000,0.689716,-1.000000,0.729203,-1.116549
3800.00,0.768448,-1.099640,0.616592,-1.013697,0.719716,-1.000000,0.742313,-1.094324
3810.00,0.738449,-1.069788,0.606243,-1.042176,0.737744,-1.010138,0.769631,-1.064324
3820.00,0.723112,-1.039788,0.581122,-1.072176,0.740919,-1.035016,0.799631,-1.034324
3830.00,0.722606,-1.009788,0.551122,-1.102176,0.729268,-1.065016,0.829631,-1.004324
3840.00,0.736928,-1.000000,0.521122,-1.117628,0.702747,-1.095016,0.845354,-1.000000
3850.00,0.765923,-1.000000,0.491122,-1.118247,0.672747,-1.117993,0.846202,-1.000000
3860.00,0.795923,-1.010948,0.475395,-1.104125,0.642747,-1.126628,0.832209,-1.013786
3870.00,0.825923,-1.036615,0.474463,-1.075348,0.620845,-1.120674,0.803401,-1.042055
3880.00,0.841327,-1.066615,0.488282,-1.045348,0.613774,-1.100267,0.773401,-1.072055
3890.00,0.841821,-1.096615,0.516374,-1.015348,0.621507,-1.070267,0.743401,-1.102055
3900.00,0.827432,-1.117180,0.546374,-1.000000,0.644047,-1.040267,0.724684,-1.118443
3910.00,0.798257,-1.123188,0.576374,-1.000000,0.674047,-1.010267,0.720453,-1.120008
3920.00,0.768257,-1.114532,0.591899,-1.009637,0.704047,-1.000000,0.730731,-1.106978
3930.00,0.738257,-1.091092,0.592551,-1.033880,0.734047,-1.000000,0.755357,-1.079460
3940.00,0.721358,-1.061092,0.578368,-1.063880,0.749321,-1.013873,0.785357,-1.049460
3950.00,0.719269,-1.031093,0.549329,-1.093880,0.749694,-1.042582,0.815357,-1.019460
3960.00,0.731985,-1.001093,0.519329,-1.120507,0.735189,-1.072582,0.845357,-1.000000
3970.00,0.759526,-1.000000,0.489329,-1.132318,0.705777,-1.102582,0.860779,-1.000000
3980.00,0.789526,-1.000000,0.470895,-1.129344,0.675777,-1.119780,0.861385,-1.003041
3990.00,0.819526,-1.013003,0.467103,-1.111602,0.645777,-1.122472,0.847190,-1.020762
4000.00,0.844727,-1.040691,0.478115,-1.081602,0.629015,-1.110614,0.818302,-1.050762
4010.00,0.855219,-1.070691,0.503587,-1.051602,0.627007,-1.084547,0.788302,-1.080762
4020.00,0.850878,-1.100690,0.533587,-1.021602,0.639541,-1.054547,0.758302,-1.110463
4030.00,0.831695,-1.116801,0.563587,-1.005752,0.666822,-1.024547,0.741816,-1.125619
4040.00,0.801695,-1.118216,0.592585,-1.004578,0.696822,-1.000000,0.739806,-1.125988
4050.00,0.771695,-1.104869,0.606875,-1.018083,0.726822,-1.000000,0.752483,-1.111686
4060.00,0.741695,-1.076713,0.606306,-1.046265,0.750961,-1.000000,0.779573,-1.082930
4070.00,0.725880,-1.046713,0.590914,-1.076265,0.760260,-1.014281,0.809573,-1.052930
4080.00,0.724902,-1.016714,0.560914,-1.106265,0.754678,-1.043412,0.839573,-1.022930
4090.00,0.738747,-1.000000,0.530914,-1.123260,0.734184,-1.073412,0.858885,-1.004915
4100.00,0.767335,-1.000000,0.500914,-1.125412,0.704184,-1.103412,0.863401,-1.001596
4110.00,0.797335,-1.001280,0.484594,-1.112803,0.674184,-1.119156,0.853050,-1.012960
4120.00,0.827335,-1.017336,0.482983,-1.085433,0.644184,-1.120258,0.827855,-1.038962
4130.00,0.843867,-1.047336,0.496162,-1.055433,0.628936,-1.106759,0.797855,-1.068962
4140.00,0.845540,-1.077336,0.523745,-1.025433,0.628523,-1.078860,0.767856,-1.098962
4150.00,0.832439,-1.105243,0.553745,-1.000000,0.642862,-1.048860,0.740762,-1.119642
4160.00,0.804561,-1.118635,0.583745,-1.000000,0.671953,-1.018860,0.727961,-1.125551
4170.00,0.774561,-1.117297,0.601362,-1.000000,0.701953,-1.001048,0.729675,-1.116780
4180.00,0.744561,-1.101206,0.604132,-1.014139,0.731953,-1.000000,0.745905,-1.093420
4190.00,0.716551,-1.071206,0.592086,-1.043074,0.749027,-1.011823,0.775905,-1.063420
4200.00,0.703297,-1.041206,0.565269,-1.073074,0.751239,-1.038389,0.805905,-1.033420
4210.00,0.704882,-1.011206,0.535269,-1.103074,0.738610,-1.068389,0.835905,-1.003420
4220.00,0.721302,-1.000000,0.505269,-1.118398,0.711088,-1.098389,0.851475,-1.000000
4230.00,0.751302,-1.000000,0.477184,-1.118882,0.681088,-1.119873,0.852165,-1.000000
4240.00,0.781302,-1.011948,0.463616,-1.104574,0.651088,-1.126861,0.838004,-1.014109
4250.00,0.811302,-1.038643,0.464862,-1.075603,0.630605,-1.119255,0.809036,-1.042774
4260.00,0.827069,-1.068643,0.480761,-1.045603,0.624801,-1.097517,0.779037,-1.072774
4270.00,0.827950,-1.098643,0.510761,-1.015603,0.633765,-1.067517,0.749037,-1.102774
4280.00,0.813942,-1.117350,0.540761,-1.000000,0.657568,-1.037517,0.731557,-1.118686
4290.00,0.785119,-1.121386,0.570761,-1.000000,0.687568,-1.007517,0.728752,-1.119726
4300.00,0.755119,-1.110726,0.586230,-1.012079,0.717568,-1.000000,0.740636,-1.106095
4310.00,0.725119,-1.085263,0.586824,-1.038663,0.745806,-1.000000,0.766903,-1.077982
4320.00,0.709395,-1.055263,0.572565,-1.068663,0.759217,-1.014020,0.796903,-1.047982
4330.00,0.708508,-1.025263,0.543425,-1.098663,0.757718,-1.042912,0.826903,-1.017982
4340.00,0.722446,-1.000000,0.513425,-1.122050,0.741343,-1.072912,0.855456,-1.000000
4350.00,0.751218,-1.000000,0.483425,-1.130645,0.711343,-1.102912,0.869340,-1.000000
4360.00,0.781218,-1.000000,0.466373,-1.124479,0.681343,-1.119406,0.868380,-1.005418
4370.00,0.811218,-1.013393,0.464057,-1.103514,0.651343,-1.121335,0.852576,-1.025582
4380.00,0.833061,-1.041486,0.476560,-1.073514,0.635364,-1.108686,0.822576,-1.055582
4390.00,0.840232,-1.071486,0.503361,-1.043514,0.634097,-1.081943,0.792576,-1.085582
4400.00,0.832578,-1.101486,0.533361,-1.013514,0.647323,-1.051943,0.762576,-1.114061
4410.00,0.810088,-1.117639,0.563361,-1.000000,0.675219,-1.021943,0.746060,-1.128130
4420.00,0.780088,-1.119058,0.588383,-1.000000,0.705219,-1.000000,0.744067,-1.127428
4430.00,0.750088,-1.105689,0.598652,-1.013608,0.735219,-1.000000,0.756726,-1.112061
4440.00,0.720088,-1.077538,0.594101,-1.041939,0.759529,-1.002426,0.783655,-1.082261
4450.00,0.704524,-1.047538,0.574774,-1.071939,0.768998,-1.019643,0.813655,-1.052261
4460.00,0.703824,-1.017538,0.544774,-1.101939,0.763600,-1.049643,0.843655,-1.022261
4470.00,0.717966,-1.000000,0.514774,-1.119262,0.743301,-1.079643,0.863308,-1.004083
4480.00,0.746864,-1.000000,0.484774,-1.121760,0.713301,-1.109643,0.868202,-1.000556
4490.00,0.776864,-1.001242,0.468482,-1.109518,0.683301,-1.125402,0.858244,-1.011675
4500.00,0.806864,-1.017259,0.466919,-1.082516,0.653301,-1.126522,0.833434,-1.037447
4510.00,0.823737,-1.047259,0.480152,-1.052516,0.638032,-1.113060,0.803434,-1.067447
4520.00,0.825766,-1.077259,0.507803,-1.022516,0.637594,-1.085230,0.773434,-1.097447
4530.00,0.813003,-1.106997,0.537803,-1.000000,0.651874,-1.055230,0.745813,-1.119219
4540.00,0.785454,-1.122243,0.567803,-1.000000,0.680907,-1.025230,0.732544,-1.126207
4550.00,0.755454,-1.122767,0.586104,-1.000000,0.710907,-1.007319,0.733759,-1.118508
4560.00,0.725454,-1.108555,0.589580,-1.013860,0.740907,-1.004207,0.749436,-1.096240
4570.00,0.695878,-1.079601,0.578254,-1.042490,0.758848,-1.015929,0.779190,-1.066240
4580.00,0.681030,-1.049601,0.552178,-1.072490,0.761931,-1.042381,0.809190,-1.036240
4590.00,0.681029,-1.019601,0.522178,-1.102490,0.750168,-1.072381,0.839190,-1.006240
4600.00,0.695860,-1.000620,0.492178,-1.117921,0.723515,-1.102381,0.855037,-1.000000
4610.00,0.725375,-1.000000,0.462178,-1.118512,0.693515,-1.124957,0.856014,-1.000000
4620.00,0.755375,-1.010527,0.446560,-1.104333,0.663515,-1.133104,0.842135,-1.013795
4630.00,0.785375,-1.035779,0.445731,-1.075480,0.638932,-1.126650,0.813450,-1.042096
4640.00,0.800958,-1.065779,0.459675,-1.045480,0.629146,-1.105792,0.783450,-1.072096
4650.00,0.801646,-1.095779,0.488112,-1.015480,0.634182,-1.075792,0.753450,-1.102096
4660.00,0.787474,-1.117195,0.518112,-1.000000,0.654050,-1.045792,0.733548,-1.118805
4670.00,0.758517,-1.124038,0.548112,-1.000000,0.684049,-1.015792,0.728127,-1.120685
4680.00,0.728517,-1.116195,0.563772,-1.008514,0.714049,-1.000000,0.737271,-1.107952
4690.00,0.698517,-1.093573,0.564565,-1.031601,0.744049,-1.000000,0.760800,-1.080714
4700.00,0.681716,-1.063573,0.550528,-1.061601,0.759340,-1.013776,0.790800,-1.050714
4710.00,0.679745,-1.033573,0.521656,-1.091601,0.759747,-1.042367,0.820800,-1.020714
4720.00,0.692619,-1.003573,0.491656,-1.120075,0.745286,-1.072367,0.850800,-1.000000
4730.00,0.720350,-1.000000,0.461656,-1.133733,0.715912,-1.102367,0.866228,-1.000000
4740.00,0.750350,-1.000000,0.443234,-1.132581,0.685912,-1.119915,0.866819,-1.003108
4750.00,0.780350,-1.013188,0.439461,-1.116639,0.655912,-1.123029,0.852578,-1.020964
4760.00,0.810350,-1.041061,0.450484,-1.086639,0.637578,-1.111663,0.823574,-1.050964
4770.00,0.825744,-1.071061,0.475986,-1.056639,0.633992,-1.086169,0.793574,-1.080964
4780.00,0.826273,-1.101061,0.505986,-1.026639,0.645057,-1.056169,0.763574,-1.110964
4790.00,0.811904,-1.118211,0.535986,-1.010624,0.670943,-1.026169,0.747018,-1.126663
4800.00,0.782722,-1.120754,0.565986,-1.009373,0.700943,-1.000000,0.745057,-1.127536
4810.00,0.752722,-1.108586,0.581399,-1.022660,0.730943,-1.000000,0.757756,-1.113785
4820.00,0.722722,-1.081631,0.581969,-1.050411,0.754811,-1.000000,0.784792,-1.085610
4830.00,0.707165,-1.051631,0.567731,-1.080411,0.763844,-1.013961,0.814792,-1.055610
4840.00,0.706472,-1.021631,0.538615,-1.110411,0.758000,-1.042789,0.844792,-1.025610
4850.00,0.720617,-1.000000,0.508615,-1.128225,0.737245,-1.072789,0.865354,-1.006890
4860.00,0.749524,-1.000000,0.478615,-1.131199,0.707245,-1.102789,0.871158,-1.002830
4870.00,0.779524,-1.000000,0.462106,-1.119435,0.677245,-1.118569,0.862119,-1.013399
4880.00,0.809524,-1.014084,0.460341,-1.092900,0.647246,-1.119648,0.838252,-1.038649
4890.00,0.826616,-1.042787,0.473378,-1.062900,0.631943,-1.106119,0.808252,-1.068649
4900.00,0.828902,-1.072787,0.500844,-1.032900,0.631438,-1.078237,0.778252,-1.098649
4910.00,0.816472,-1.101208,0.530844,-1.002900,0.645582,-1.048237,0.748252,-1.119968
4920.00,0.789284,-1.115395,0.560844,-1.000000,0.674383,-1.018237,0.732065,-1.126676
4930.00,0.759284,-1.114886,0.579964,-1.000000,0.704383,-1.000000,0.730397,-1.118697
4940.00,0.729284,-1.099630,0.584262,-1.013607,0.734383,-1.000000,0.743318,-1.096112
4950.00,0.699284,-1.069630,0.573747,-1.041999,0.752824,-1.010191,0.770395,-1.066112
4960.00,0.683992,-1.039630,0.548475,-1.071999,0.756398,-1.035120,0.800394,-1.036112
4970.00,0.683550,-1.009630,0.518475,-1.101999,0.745126,-1.065120,0.830394,-1.006112
4980.00,0.697945,-1.000000,0.488475,-1.117500,0.718980,-1.095120,0.846262,-1.000000
4990.00,0.727041,-1.000000,0.458475,-1.118182,0.688980,-1.118767,0.847268,-1.000000
5000.00,0.757041,-1.010490,0.442867,-1.104105,0.658980,-1.128048,0.833424,-1.013742
5010.00,0.787041,-1.035742,0.442089,-1.075358,0.637587,-1.122698,0.804769,-1.042068
5020.00,0.802487,-1.065742,0.456071,-1.045358,0.631023,-1.102902,0.774769,-1.072068
5030.00,0.803045,-1.095742,0.484258,-1.015358,0.639229,-1.072902,0.744769,-1.102068
5040.00,0.788749,-1.115516,0.514258,-1.000000,0.662188,-1.042902,0.725904,-1.118293
5050.00,0.759701,-1.120693,0.544258,-1.000000,0.692188,-1.012902,0.721542,-1.119679
5060.00,0.729701,-1.111192,0.559804,-1.009777,0.722188,-1.000000,0.731717,-1.106473
5070.00,0.699701,-1.086927,0.560487,-1.034130,0.752188,-1.000000,0.756218,-1.078809
5080.00,0.682843,-1.056927,0.546343,-1.064129,0.767457,-1.013889,0.786218,-1.048809
5090.00,0.680810,-1.026927,0.517348,-1.094129,0.767811,-1.042607,0.816218,-1.018809
5100.00,0.693608,-1.000000,0.487348,-1.121437,0.753276,-1.072607,0.846218,-1.000000
5110.00,0.721252,-1.000000,0.457348,-1.133948,0.723841,-1.102607,0.861673,-1.000000
5120.00,0.751252,-1.000000,0.439452,-1.131675,0.693841,-1.119952,0.862303,-1.002715
5130.00,0.781252,-1.013057,0.436252,-1.114629,0.663841,-1.122813,0.848116,-1.020151
5140.00,0.806685,-1.040817,0.447885,-1.084629,0.647289,-1.111096,0.819278,-1.050151
5150.00,0.817505,-1.070817,0.473891,-1.054629,0.645444,-1.085312,0.789278,-1.080151
5160.00,0.813510,-1.100817,0.503891,-1.024629,0.658124,-1.055313,0.759278,-1.110091
5170.00,0.794668,-1.116924,0.533891,-1.008875,0.685553,-1.025313,0.742985,-1.125438
5180.00,0.764668,-1.118361,0.563817,-1.007775,0.715553,-1.000000,0.741137,-1.126003
5190.00,0.734668,-1.105061,0.579074,-1.021334,0.745553,-1.000000,0.753953,-1.111916
5200.00,0.704668,-1.076952,0.579475,-1.049554,0.768927,-1.000000,0.781189,-1.083393
5210.00,0.688959,-1.046952,0.565049,-1.079554,0.777454,-1.014237,0.811189,-1.053393
5220.00,0.688097,-1.016952,0.535759,-1.109554,0.771113,-1.043315,0.841189,-1.023393
5230.00,0.702078,-1.000000,0.505759,-1.126073,0.749870,-1.073315,0.860132,-1.005592
5240.00,0.730810,-1.000000,0.475759,-1.127747,0.719870,-1.103315,0.864278,-1.002521
5250.00,0.760810,-1.002036,0.459405,-1.114660,0.689870,-1.119091,0.853554,-1.014114
5260.00,0.790810,-1.018849,0.457778,-1.086816,0.659871,-1.120216,0.827991,-1.040353
5270.00,0.807175,-1.048849,0.470969,-1.056816,0.644662,-1.106709,0.797991,-1.070353
5280.00,0.808702,-1.078849,0.498597,-1.026816,0.644293,-1.078785,0.767991,-1.100353
5290.00,0.795492,-1.106088,0.528597,-1.000000,0.658656,-1.048785,0.740228,-1.120828
5300.00,0.767578,-1.118932,0.558597,-1.000000,0.687653,-1.018785,0.726312,-1.126658
5310.00,0.737578,-1.117091,0.576225,-1.000000,0.717653,-1.000876,0.726852,-1.117851
5320.00,0.707578,-1.100505,0.579010,-1.014055,0.747653,-1.000000,0.741946,-1.094458
5330.00,0.679919,-1.070505,0.566965,-1.042942,0.764283,-1.011736,0.771229,-1.064458
5340.00,0.667032,-1.040505,0.540171,-1.072942,0.766043,-1.038194,0.801229,-1.034459
5350.00,0.668998,-1.010505,0.510171,-1.102942,0.752980,-1.068194,0.831229,-1.004459
5360.00,0.685810,-1.000000,0.480171,-1.118278,0.725040,-1.098194,0.846730,-1.000000
5370.00,0.715810,-1.000000,0.453231,-1.118778,0.695040,-1.119562,0.847348,-1.000000
5380.00,0.745810,-1.012314,0.440741,-1.104512,0.665040,-1.126560,0.833108,-1.014075
5390.00,0.775810,-1.039354,0.443067,-1.075610,0.644915,-1.118981,0.804073,-1.042680
5400.00,0.791182,-1.069354,0.460094,-1.045610,0.639609,-1.097041,0.774073,-1.072680
5410.00,0.791657,-1.099354,0.490094,-1.015610,0.649062,-1.067041,0.744073,-1.102679
5420.00,0.777246,-1.118523,0.520094,-1.000000,0.673292,-1.037041,0.726450,-1.118698
5430.00,0.748058,-1.123094,0.550094,-1.000000,0.703292,-1.007041,0.723389,-1.119876
5440.00,0.718058,-1.112975,0.565569,-1.011528,0.733292,-1.000000,0.734910,-1.106458
5450.00,0.688058,-1.088074,0.566184,-1.037625,0.761694,-1.000000,0.760769,-1.078595
5460.00,0.671963,-1.058074,0.551982,-1.067625,0.775315,-1.013961,0.790769,-1.048595
5470.00,0.670715,-1.028075,0.522920,-1.097625,0.774029,-1.042771,0.820769,-1.018595
5480.00,0.684307,-1.000000,0.492920,-1.120985,0.757846,-1.072771,0.849141,-1.000000
5490.00,0.712736,-1.000000,0.462920,-1.129520,0.727846,-1.102771,0.862888,-1.000000
5500.00,0.742736,-1.000000,0.445373,-1.123283,0.697846,-1.119506,0.861810,-1.005966
5510.00,0.772736,-1.013243,0.442554,-1.102270,0.667846,-1.121668,0.845916,-1.026650
5520.00,0.795313,-1.041182,0.454565,-1.072271,0.651863,-1.109259,0.815916,-1.056650
5530.00,0.803171,-1.071182,0.481029,-1.042271,0.650654,-1.082618,0.785917,-1.086650
5540.00,0.796239,-1.101182,0.511029,-1.012271,0.664035,-1.052618,0.755917,-1.113406
5550.00,0.774486,-1.117015,0.541029,-1.000000,0.692177,-1.022618,0.739895,-1.125489
5560.00,0.744486,-1.118152,0.566753,-1.000000,0.722177,-1.000000,0.738371,-1.122810
5570.00,0.714486,-1.104532,0.577720,-1.013724,0.752177,-1.000000,0.751499,-1.105485
5580.00,0.684486,-1.076114,0.573840,-1.042166,0.772631,-1.003892,0.778978,-1.075485
5590.00,0.668993,-1.046114,0.555173,-1.072166,0.778234,-1.022570,0.808978,-1.045485
5600.00,0.668357,-1.016114,0.525173,-1.102166,0.768993,-1.052570,0.838978,-1.015485
5610.00,0.682574,-1.000000,0.495173,-1.117929,0.744853,-1.082569,0.855769,-1.000000
5620.00,0.711513,-1.000000,0.465173,-1.118841,0.714853,-1.109285,0.857707,-1.000000
5630.00,0.741513,-1.007373,0.449241,-1.104983,0.684853,-1.121670,0.844767,-1.013165
5640.00,0.771513,-1.029503,0.448078,-1.076410,0.658566,-1.119434,0.816991,-1.040923
5650.00,0.787234,-1.059503,0.461731,-1.046410,0.647114,-1.102628,0.786991,-1.070923
5660.00,0.788076,-1.089503,0.489745,-1.016410,0.650474,-1.072628,0.756991,-1.100923
5670.00,0.774107,-1.112693,0.519745,-1.000000,0.668630,-1.042628,0.735091,-1.118513
5680.00,0.745384,-1.121393,0.549745,-1.000000,0.698630,-1.012628,0.727513,-1.121312
5690.00,0.715384,-1.115430,0.565722,-1.005877,0.728630,-1.000000,0.734426,-1.109511
5700.00,0.685384,-1.094707,0.566844,-1.026361,0.758630,-1.000000,0.755744,-1.083203
5710.00,0.666634,-1.064707,0.553148,-1.056361,0.774126,-1.013532,0.785744,-1.053203
5720.00,0.662697,-1.034707,0.524641,-1.086361,0.774729,-1.041857,0.815744,-1.023203
5730.00,0.673594,-1.004707,0.494641,-1.116328,0.760466,-1.071857,0.845744,-1.000000
5740.00,0.699346,-1.000000,0.464641,-1.131480,0.731287,-1.101857,0.861150,-1.000000
5750.00,0.729346,-1.000000,0.445657,-1.131804,0.701287,-1.119905,0.861698,-1.001241
5760.00,0.759346,-1.013242,0.441300,-1.117338,0.671287,-1.123580,0.847399,-1.017241
5770.00,0.789346,-1.041155,0.451737,-1.088305,0.652936,-1.112777,0.818353,-1.047241
5780.00,0.804725,-1.071155,0.476663,-1.058306,0.649336,-1.087845,0.788353,-1.077241
5790.00,0.805226,-1.101155,0.506663,-1.028306,0.660399,-1.057845,0.758353,-1.107241
5800.00,0.790827,-1.118454,0.536663,-1.012236,0.686282,-1.027845,0.741837,-1.122941
5810.00,0.761608,-1.121119,0.566663,-1.010960,0.716282,-1.000000,0.739966,-1.123796
5820.00,0.731608,-1.109084,0.582077,-1.024274,0.746282,-1.000000,0.752713,-1.110038
5830.00,0.701608,-1.082261,0.582646,-1.052072,0.770112,-1.000000,0.779802,-1.081851
5840.00,0.686067,-1.052261,0.568408,-1.082072,0.779110,-1.013957,0.809802,-1.051851
5850.00,0.685392,-1.022262,0.539296,-1.112072,0.773229,-1.042781,0.839802,-1.021851
5860.00,0.699559,-1.000000,0.509296,-1.129824,0.752439,-1.072781,0.860788,-1.002930
5870.00,0.728471,-1.000000,0.479296,-1.132766,0.722439,-1.102781,0.867076,-1.000000
5880.00,0.758471,-1.000000,0.462919,-1.120959,0.692439,-1.118536,0.858518,-1.010285
5890.00,0.788471,-1.013440,0.461277,-1.094363,0.662439,-1.119628,0.835111,-1.035277
5900.00,0.805870,-1.041498,0.474440,-1.064363,0.647111,-1.106126,0.805111,-1.065277
5910.00,0.808462,-1.071498,0.501992,-1.034363,0.646582,-1.078303,0.775111,-1.095277
5920.00,0.796319,-1.100439,0.531992,-1.004363,0.660686,-1.048303,0.745597,-1.116918
5930.00,0.769435,-1.114995,0.561992,-1.000000,0.689493,-1.018303,0.729974,-1.123923
5940.00,0.739435,-1.114847,0.581071,-1.000000,0.719493,-1.000000,0.728848,-1.116244
5950.00,0.709436,-1.099939,0.585325,-1.013793,0.749493,-1.000000,0.742342,-1.093945
5960.00,0.679436,-1.070252,0.574747,-1.042394,0.767068,-1.010079,0.770081,-1.063945
5970.00,0.664165,-1.040252,0.549423,-1.072394,0.769786,-1.034888,0.800081,-1.033945
5980.00,0.663757,-1.010252,0.519423,-1.102394,0.757671,-1.064888,0.830081,-1.003945
5990.00,0.678208,-1.000000,0.489423,-1.117843,0.730682,-1.094888,0.845748,-1.000000
6000.00,0.707365,-1.000000,0.459423,-1.118474,0.700683,-1.118053,0.846537,-1.000000
6010.00,0.737365,-1.011466,0.443873,-1.104342,0.670683,-1.126812,0.832479,-1.013958
6020.00,0.767365,-1.037697,0.443161,-1.075542,0.650022,-1.120936,0.803622,-1.042517
6030.00,0.782814,-1.067697,0.457195,-1.045542,0.644179,-1.100659,0.773622,-1.072517
6040.00,0.783377,-1.097697,0.485431,-1.015542,0.653105,-1.070659,0.743622,-1.102517
6050.00,0.769075,-1.117208,0.515431,-1.000000,0.676801,-1.040659,0.725272,-1.118624
6060.00,0.740047,-1.122155,0.545431,-1.000000,0.706801,-1.010659,0.721342,-1.119925
6070.00,0.710047,-1.112442,0.560954,-1.010370,0.736801,-1.000000,0.731953,-1.106638
6080.00,0.680047,-1.087949,0.561606,-1.035380,0.766667,-1.000000,0.756948,-1.078869
6090.00,0.663454,-1.057949,0.547426,-1.065380,0.781774,-1.013949,0.786948,-1.048869
6100.00,0.661701,-1.027949,0.518399,-1.095380,0.781972,-1.042728,0.816948,-1.018869
6110.00,0.674792,-1.000000,0.488399,-1.120065,0.767293,-1.072728,0.846795,-1.000000
6120.00,0.702732,-1.000000,0.458399,-1.129939,0.737712,-1.102728,0.862059,-1.000000
6130.00,0.732732,-1.000000,0.440282,-1.125030,0.707712,-1.119898,0.862512,-1.004588
6140.00,0.762732,-1.013110,0.436837,-1.105346,0.677712,-1.122609,0.848138,-1.023870
6150.00,0.787537,-1.040908,0.448205,-1.075346,0.661245,-1.110796,0.819050,-1.053870
6160.00,0.797675,-1.070908,0.474015,-1.045346,0.659528,-1.084826,0.789050,-1.083870
6170.00,0.792973,-1.100908,0.504015,-1.015346,0.672309,-1.054826,0.759050,-1.113870
6180.00,0.773415,-1.116961,0.534015,-1.000000,0.699864,-1.024826,0.743079,-1.129224
6190.00,0.743415,-1.118261,0.564015,-1.000000,0.729864,-1.000000,0.741756,-1.129719
6200.00,0.713415,-1.104786,0.579294,-1.013823,0.759864,-1.000000,0.755130,-1.115574
6210.00,0.683415,-1.076507,0.579726,-1.042184,0.783138,-1.000000,0.782874,-1.087010
6220.00,0.667876,-1.046507,0.565351,-1.072183,0.791573,-1.014218,0.812874,-1.057010
6230.00,0.667193,-1.016507,0.536108,-1.102183,0.785134,-1.043283,0.842874,-1.027010
6240.00,0.681359,-1.000000,0.506108,-1.119005,0.763776,-1.073283,0.862470,-1.008945
6250.00,0.710298,-1.000000,0.476108,-1.120982,0.733776,-1.103283,0.867286,-1.005576
6260.00,0.740298,-1.001159,0.459901,-1.108193,0.703776,-1.119047,0.857233,-1.016908
6270.00,0.770298,-1.017098,0.458410,-1.080642,0.673776,-1.120188,0.832336,-1.042886
6280.00,0.787178,-1.047098,0.471711,-1.050642,0.658497,-1.106757,0.802336,-1.072886
6290.00,0.789244,-1.077098,0.499430,-1.020642,0.658050,-1.078936,0.772336,-1.102886
6300.00,0.776577,-1.104219,0.529430,-1.000000,0.672357,-1.048936,0.745442,-1.123210
6310.00,0.749135,-1.116893,0.559430,-1.000000,0.701387,-1.018936,0.732902,-1.128767
6320.00,0.719135,-1.114898,0.577018,-1.000230,0.731387,-1.001439,0.734887,-1.119667
6330.00,0.689135,-1.098174,0.579772,-1.015046,0.761387,-1.000000,0.751359,-1.096004
6340.00,0.663653,-1.068174,0.567730,-1.044653,0.777978,-1.012132,0.781359,-1.066004
6350.00,0.652956,-1.038174,0.540933,-1.074653,0.779695,-1.038998,0.811359,-1.036004
6360.00,0.657112,-1.008174,0.510933,-1.104653,0.766558,-1.068998,0.841359,-1.006004
6370.00,0.676117,-1.000000,0.480933,-1.119933,0.738514,-1.098998,0.856942,-1.000000
6380.00,0.706117,-1.000000,0.455660,-1.120365,0.708514,-1.119643,0.857644,-1.000000
6390.00,0.736117,-1.012156,0.444971,-1.105990,0.678514,-1.125800,0.843478,-1.014161
6400.00,0.766116,-1.039055,0.449095,-1.076966,0.657912,-1.117399,0.814500,-1.042866
6410.00,0.781818,-1.069055,0.467842,-1.046966,0.652004,-1.094903,0.784500,-1.072866
6420.00,0.782653,-1.099055,0.497842,-1.016966,0.660835,-1.064903,0.754500,-1.102866
6430.00,0.768610,-1.117325,0.527842,-1.000085,0.684511,-1.034903,0.737344,-1.118715
6440.00,0.739765,-1.120961,0.557842,-1.000000,0.714511,-1.004903,0.734848,-1.119703
6450.00,0.709765,-1.109941,0.573349,-1.012652,0.744511,-1.000000,0.747011,-1.106026
6460.00,0.679766,-1.084125,0.573997,-1.039775,0.770241,-1.000000,0.773521,-1.077901
6470.00,0.664210,-1.054125,0.559796,-1.069775,0.781131,-1.013990,0.803521,-1.047901
6480.00,0.663513,-1.024125,0.530719,-1.099775,0.777122,-1.042855,0.833521,-1.017901
6490.00,0.677667,-1.000000,0.500719,-1.120131,0.758236,-1.072855,0.858298,-1.000000
6500.00,0.706645,-1.000000,0.470719,-1.125706,0.728236,-1.102855,0.868326,-1.000000
6510.00,0.736645,-1.000000,0.454288,-1.116531,0.698236,-1.118865,0.863515,-1.008123
6520.00,0.766645,-1.013672,0.452638,-1.092555,0.668236,-1.120208,0.843867,-1.031013
6530.00,0.786311,-1.042036,0.465811,-1.062555,0.652664,-1.106964,0.813867,-1.061013
6540.00,0.791243,-1.072036,0.493330,-1.032555,0.651842,-1.079573,0.783867,-1.091013
6550.00,0.781393,-1.102036,0.523330,-1.002555,0.665562,-1.049573,0.753867,-1.116325
6560.00,0.756753,-1.117627,0.553330,-1.000000,0.694039,-1.019573,0.737939,-1.126936
6570.00,0.726753,-1.118454,0.575834,-1.000000,0.724039,-1.000000,0.736599,-1.122768
6580.00,0.696753,-1.104517,0.583547,-1.013930,0.754039,-1.000000,0.749881,-1.103985
6590.00,0.666753,-1.075819,0.576453,-1.042514,0.774263,-1.007153,0.777316,-1.073985
6600.00,0.651415,-1.045819,0.554592,-1.072514,0.779623,-1.029072,0.807316,-1.043985
6610.00,0.650944,-1.015819,0.524592,-1.102514,0.770124,-1.059072,0.837316,-1.013986
6620.00,0.665330,-1.000000,0.494592,-1.118258,0.745729,-1.089072,0.854052,-1.000000
6630.00,0.694445,-1.000000,0.464592,-1.119167,0.715729,-1.115497,0.855952,-1.000000
6640.00,0.724445,-1.007617,0.448726,-1.105323,0.685729,-1.127590,0.842988,-1.013125
6650.00,0.754445,-1.029988,0.447674,-1.076780,0.662071,-1.124990,0.815224,-1.040862
6660.00,0.770131,-1.059988,0.461411,-1.046780,0.653237,-1.107869,0.785224,-1.070862
6670.00,0.770952,-1.089988,0.489387,-1.016780,0.659176,-1.077869,0.755224,-1.100862
6680.00,0.756966,-1.111195,0.519387,-1.000000,0.679870,-1.047869,0.734571,-1.117670
6690.00,0.728252,-1.117833,0.549387,-1.000000,0.709870,-1.017869,0.728358,-1.119654
6700.00,0.698252,-1.109788,0.565151,-1.007663,0.739870,-1.001957,0.736691,-1.107026
6710.00,0.668252,-1.086986,0.566052,-1.029970,0.769870,-1.000886,0.759408,-1.079907
6720.00,0.650232,-1.056986,0.552137,-1.059970,0.785249,-1.014643,0.789408,-1.049907
6730.00,0.647037,-1.026986,0.523396,-1.089970,0.785719,-1.043200,0.819408,-1.019907
6740.00,0.658684,-1.000000,0.493396,-1.118686,0.771305,-1.073200,0.849408,-1.000000
6750.00,0.685188,-1.000000,0.463396,-1.132587,0.741977,-1.103200,0.864827,-1.000000
6760.00,0.715188,-1.000000,0.444950,-1.131679,0.711977,-1.121056,0.865399,-1.002059
6770.00,0.745188,-1.013210,0.441142,-1.115997,0.681977,-1.124554,0.851136,-1.018828
6780.00,0.773736,-1.041105,0.452153,-1.085997,0.664628,-1.113543,0.822163,-1.048828
6790.00,0.787606,-1.071105,0.477640,-1.055997,0.662051,-1.088345,0.792163,-1.078828
6800.00,0.786611,-1.101105,0.507640,-1.025998,0.674083,-1.058345,0.762163,-1.108828
6810.00,0.770731,-1.118030,0.537640,-1.009958,0.700871,-1.028345,0.745632,-1.124462
6820.00,0.740731,-1.120357,0.567640,-1.008611,0.730871,-1.000000,0.743613,-1.125300
6830.00,0.710731,-1.107989,0.583038,-1.021853,0.760871,-1.000000,0.756190,-1.111527
6840.00,0.680731,-1.080824,0.583587,-1.049644,0.785028,-1.000000,0.783151,-1.083315
6850.00,0.665129,-1.050824,0.569316,-1.079644,0.794346,-1.014019,0.813151,-1.053315
6860.00,0.664392,-1.020824,0.540178,-1.109644,0.788783,-1.042895,0.843150,-1.023315
6870.00,0.678493,-1.000000,0.510178,-1.126927,0.768313,-1.072895,0.864551,-1.004050
6880.00,0.707348,-1.000000,0.480178,-1.129400,0.738313,-1.102895,0.871252,-1.000000
6890.00,0.737348,-1.000000,0.463890,-1.117113,0.708313,-1.118638,0.863097,-1.009986
6900.00,0.767348,-1.013473,0.462340,-1.090028,0.678313,-1.119725,0.840087,-1.034697
6910.00,0.786010,-1.041558,0.475566,-1.060028,0.662756,-1.106303,0.810087,-1.064697
6920.00,0.789882,-1.071558,0.503220,-1.030028,0.661971,-1.078609,0.780087,-1.094697
6930.00,0.778993,-1.101383,0.533220,-1.000028,0.675850,-1.048609,0.751473,-1.116697
6940.00,0.753311,-1.116832,0.563220,-1.000000,0.704454,-1.018609,0.737011,-1.124002
6950.00,0.723311,-1.117584,0.582440,-1.000000,0.734454,-1.000000,0.737073,-1.116605
6960.00,0.693311,-1.103587,0.586845,-1.013871,0.764454,-1.000000,0.751756,-1.094584
6970.00,0.663311,-1.074810,0.576416,-1.042447,0.782742,-1.010114,0.780667,-1.064584
6980.00,0.648078,-1.044810,0.551226,-1.072447,0.786153,-1.034988,0.810667,-1.034584
6990.00,0.647722,-1.014810,0.521226,-1.102447,0.774719,-1.064988,0.840667,-1.004584
7000.00,0.662238,-1.000000,0.491226,-1.117944,0.748409,-1.094988,0.856423,-1.000000
7010.00,0.691490,-1.000000,0.461226,-1.118618,0.718409,-1.118963,0.857311,-1.000000
7020.00,0.721490,-1.011041,0.445544,-1.104553,0.688409,-1.128587,0.843365,-1.013816
7030.00,0.751490,-1.036830,0.444693,-1.075821,0.667327,-1.123555,0.814644,-1.042219
7040.00,0.767010,-1.066830,0.458597,-1.045821,0.661052,-1.104113,0.784644,-1.072219
7050.00,0.767636,-1.096830,0.486732,-1.015821,0.669555,-1.074113,0.754644,-1.102219
7060.00,0.753399,-1.116921,0.516732,-1.000000,0.692822,-1.044114,0.736043,-1.118490
7070.00,0.724385,-1.122407,0.546732,-1.000000,0.722822,-1.014114,0.732001,-1.119911
7080.00,0.694385,-1.113209,0.562266,-1.010063,0.752822,-1.000000,0.742517,-1.106737
7090.00,0.664385,-1.089246,0.562937,-1.034729,0.782822,-1.000000,0.767361,-1.079095
7100.00,0.647782,-1.059246,0.548783,-1.064729,0.798077,-1.013926,0.797361,-1.049095
7110.00,0.646027,-1.029246,0.519780,-1.094729,0.798415,-1.042684,0.827361,-1.019095
7120.00,0.659124,-1.000000,0.489780,-1.121801,0.783861,-1.072684,0.857361,-1.000000
7130.00,0.687079,-1.000000,0.459780,-1.134055,0.754392,-1.102684,0.872798,-1.000000
7140.00,0.717079,-1.000000,0.441560,-1.131514,0.724392,-1.120149,0.873408,-1.003061
7150.00,0.747078,-1.013124,0.438021,-1.114202,0.694392,-1.123157,0.859201,-1.020827
7160.00,0.772794,-1.040949,0.449319,-1.084202,0.677858,-1.111590,0.830352,-1.050827
7170.00,0.783855,-1.070949,0.475055,-1.054202,0.676066,-1.085876,0.800352,-1.080827
7180.00,0.780093,-1.100949,0.505055,-1.024202,0.688801,-1.055876,0.770352,-1.110827
7190.00,0.761477,-1.117096,0.535055,-1.008469,0.716288,-1.025876,0.754153,-1.126225
7200.00,0.731477,-1.118557,0.565055,-1.007422,0.746288,-1.000000,0.752458,-1.126818
7210.00,0.701477,-1.105299,0.580379,-1.021029,0.776288,-1.000000,0.765391,-1.112774
7220.00,0.671477,-1.077246,0.580856,-1.049264,0.799098,-1.000000,0.792700,-1.084304
7230.00,0.655832,-1.047246,0.566518,-1.079264,0.807066,-1.014173,0.822700,-1.054304
7240.00,0.655048,-1.017246,0.537309,-1.109264,0.800142,-1.043198,0.852700,-1.024304
7250.00,0.669113,-1.000000,0.507309,-1.125588,0.778303,-1.073198,0.871828,-1.006422
7260.00,0.697941,-1.000000,0.477309,-1.127080,0.748303,-1.103170,0.876163,-1.003248
7270.00,0.727941,-1.001570,0.461128,-1.113807,0.718303,-1.118849,0.865627,-1.014762
7280.00,0.757941,-1.017905,0.459698,-1.085786,0.688303,-1.119832,0.840278,-1.040919
7290.00,0.774669,-1.047905,0.473070,-1.055786,0.673039,-1.106219,0.810278,-1.070919
7300.00,0.776593,-1.077905,0.500826,-1.025787,0.672572,-1.078298,0.780278,-1.100919
7310.00,0.763808,-1.104653,0.530825,-1.000000,0.686787,-1.048298,0.751971,-1.121303
7320.00,0.736301,-1.116981,0.560825,-1.000000,0.715655,-1.018299,0.737707,-1.126992
7330.00,0.706301,-1.114631,0.578542,-1.000000,0.745655,-1.000392,0.737953,-1.118028
7340.00,0.676301,-1.097532,0.581420,-1.013958,0.775655,-1.000000,0.752787,-1.094470
7350.00,0.649757,-1.067532,0.569467,-1.042721,0.792115,-1.011736,0.781816,-1.064470
7360.00,0.638004,-1.037532,0.542761,-1.072721,0.793696,-1.038193,0.811816,-1.034470
7370.00,0.641113,-1.007532,0.512761,-1.102721,0.780450,-1.068193,0.841816,-1.004470
7380.00,0.659079,-1.000000,0.482761,-1.118017,0.752310,-1.098193,0.857307,-1.000000
7390.00,0.689079,-1.000000,0.457784,-1.118468,0.722310,-1.118921,0.857916,-1.000000
7400.00,0.719079,-1.012496,0.447277,-1.104145,0.692310,-1.125309,0.843660,-1.014121
7410.00,0.749079,-1.039700,0.451568,-1.075200,0.671405,-1.117172,0.814602,-1.042714
7420.00,0.764482,-1.069700,0.470527,-1.045200,0.665309,-1.094726,0.784602,-1.072714
7430.00,0.764998,-1.099700,0.500527,-1.015200,0.673966,-1.064726,0.754602,-1.102714
7440.00,0.750628,-1.119026,0.530527,-1.000000,0.697417,-1.034727,0.736944,-1.118850
7450.00,0.721487,-1.123802,0.560527,-1.000000,0.727417,-1.004727,0.733804,-1.120166
7460.00,0.691487,-1.113924,0.576040,-1.011560,0.757417,-1.000000,0.745213,-1.106898
7470.00,0.661487,-1.089266,0.576701,-1.037655,0.784723,-1.000000,0.770954,-1.079191
7480.00,0.645521,-1.059266,0.562548,-1.067655,0.797239,-1.013903,0.800954,-1.049191
7490.00,0.644412,-1.029266,0.533538,-1.097655,0.794852,-1.042659,0.830953,-1.019191
7500.00,0.658151,-1.000000,0.503538,-1.119514,0.777562,-1.072659,0.858234,-1.000000
7510.00,0.686702,-1.000000,0.473538,-1.126548,0.747562,-1.102659,0.870951,-1.000000
7520.00,0.716702,-1.000000,0.456219,-1.118817,0.717562,-1.119120,0.868843,-1.006648
7530.00,0.746702,-1.013006,0.453607,-1.096294,0.687562,-1.121026,0.851899,-1.028020
7540.00,0.769182,-1.040699,0.465811,-1.066294,0.671553,-1.108392,0.821899,-1.058020
7550.00,0.776942,-1.070699,0.492474,-1.036294,0.670305,-1.081555,0.791900,-1.088019
7560.00,0.769906,-1.100699,0.522474,-1.006294,0.683651,-1.051556,0.761900,-1.114051
7570.00,0.748036,-1.116523,0.552474,-1.000000,0.711756,-1.021556,0.745947,-1.125414
7580.00,0.718036,-1.117634,0.576401,-1.000000,0.741756,-1.000000,0.744554,-1.122014
7590.00,0.688036,-1.103998,0.585547,-1.013779,0.771756,-1.000000,0.757813,-1.103986
7600.00,0.658036,-1.075573,0.579851,-1.042252,0.790926,-1.005303,0.785354,-1.073986
7610.00,0.642670,-1.045573,0.559381,-1.072252,0.795239,-1.025383,0.815354,-1.043986
7620.00,0.642176,-1.015573,0.529381,-1.102252,0.784707,-1.055383,0.845354,-1.013986
7630.00,0.656544,-1.000000,0.499381,-1.117917,0.759290,-1.085383,0.861671,-1.000000
7640.00,0.685638,-1.000000,0.469381,-1.118744,0.729290,-1.110806,0.863127,-1.000000
7650.00,0.715638,-1.008798,0.453568,-1.104801,0.699290,-1.121859,0.849707,-1.013389
7660.00,0.745638,-1.032359,0.452549,-1.076144,0.674518,-1.118268,0.821455,-1.041384
7670.00,0.761358,-1.062359,0.466315,-1.046144,0.664555,-1.100191,0.791455,-1.071384
7680.00,0.762205,-1.092359,0.494352,-1.016144,0.669373,-1.070191,0.761455,-1.101384
7690.00,0.748231,-1.114298,0.524352,-1.000000,0.688965,-1.040191,0.740761,-1.118381
7700.00,0.719502,-1.121682,0.554352,-1.000000,0.718965,-1.010191,0.734529,-1.120546
7710.00,0.689502,-1.114386,0.570138,-1.007390,0.748965,-1.000000,0.742846,-1.108101
7720.00,0.659502,-1.092318,0.571066,-1.029356,0.778965,-1.000000,0.765567,-1.081166
7730.00,0.642139,-1.062318,0.557180,-1.059355,0.794306,-1.013701,0.795567,-1.051166
7740.00,0.639611,-1.032318,0.528468,-1.089355,0.794744,-1.042213,0.825567,-1.021166
7750.00,0.651928,-1.002318,0.498468,-1.118177,0.780297,-1.072213,0.855567,-1.000000
7760.00,0.679108,-1.000000,0.468468,-1.132170,0.750926,-1.102213,0.870998,-1.000000
7770.00,0.709108,-1.000000,0.450225,-1.131346,0.720926,-1.119811,0.871583,-1.001757
7780.00,0.739108,-1.013222,0.446618,-1.115733,0.690926,-1.123037,0.857324,-1.018250
7790.00,0.769108,-1.041129,0.457810,-1.085733,0.672477,-1.111788,0.828328,-1.048250
7800.00,0.784451,-1.071129,0.483497,-1.055733,0.668799,-1.086360,0.798328,-1.078250
7810.00,0.784922,-1.101129,0.513497,-1.025733,0.679773,-1.056360,0.768328,-1.108250
7820.00,0.770499,-1.118402,0.543497,-1.009639,0.705551,-1.026360,0.751721,-1.123985
7830.00,0.741301,-1.121113,0.573497,-1.008223,0.735551,-1.000000,0.749592,-1.124932
7840.00,0.711301,-1.109148,0.588924,-1.021324,0.765551,-1.000000,0.762042,-1.111281
7850.00,0.681301,-1.082395,0.589510,-1.048942,0.788582,-1.000000,0.788836,-1.083197
7860.00,0.665701,-1.052395,0.575289,-1.078942,0.796786,-1.013963,0.818836,-1.053198
7870.00,0.664963,-1.022395,0.546212,-1.108942,0.790131,-1.042773,0.848836,-1.023198
7880.00,0.679065,-1.000000,0.516212,-1.125848,0.768566,-1.072773,0.869040,-1.004622
7890.00,0.707938,-1.000000,0.486212,-1.127903,0.738566,-1.102773,0.874467,-1.000750
7900.00,0.737938,-1.000000,0.469670,-1.115176,0.708566,-1.118602,0.865022,-1.011595
7910.00,0.767938,-1.014533,0.467819,-1.087670,0.678566,-1.119791,0.840738,-1.037108
7920.00,0.785034,-1.043641,0.480747,-1.057670,0.663251,-1.106406,0.810738,-1.067108
7930.00,0.787323,-1.073641,0.508078,-1.027670,0.662760,-1.078628,0.780738,-1.097108
7940.00,0.774879,-1.101043,0.538078,-1.000000,0.677018,-1.048628,0.753419,-1.117452
7950.00,0.747654,-1.114042,0.568078,-1.000000,0.706013,-1.018628,0.740329,-1.123059
7960.00,0.717654,-1.112375,0.585939,-1.000000,0.736013,-1.000548,0.741711,-1.114027
7970.00,0.687654,-1.095981,0.588971,-1.014083,0.766013,-1.000000,0.757574,-1.090430
7980.00,0.661653,-1.065981,0.577196,-1.042972,0.782555,-1.011532,0.787560,-1.060430
7990.00,0.650437,-1.035981,0.550655,-1.072972,0.784212,-1.037809,0.817560,-1.030430
